<?xml version="1.0" encoding="UTF-8"?>
<project-private xmlns="http://www.netbeans.org/ns/project-private/1">
    <editor-bookmarks xmlns="http://www.netbeans.org/ns/editor-bookmarks/2" lastBookmarkId="0"/>
    <open-files xmlns="http://www.netbeans.org/ns/projectui-open-files/2">
        <group name="LAB211">
            <file>file:/Users/quandba/Desktop/LAB211/0056workerInformation/src/Common/WorkerManager.java</file>
            <file>file:/Users/quandba/Desktop/LAB211/0056workerInformation/src/Model/Worker.java</file>
            <file>file:/Users/quandba/Desktop/LAB211/0056workerInformation/src/Model/History.java</file>
            <file>file:/Users/quandba/Desktop/LAB211/0056workerInformation/src/View/ViewWorker.java</file>
            <file>file:/Users/quandba/Desktop/LAB211/0056workerInformation/src/Main.java</file>
            <file>file:/Users/quandba/Desktop/LAB211/0056workerInformation/src/Controller/ConstWorker.java</file>
        </group>
    </open-files>
</project-private>
